INSERT INTO robotest.user (id, first_name, last_name, middle_name, data_of_birth, created_at, update_at) VALUES (2, 'Александр', 'Попов', 'Евгеньевич', '1985-03-30', '2013-12-28 18:38:09', '2013-12-28 18:38:09');
INSERT INTO robotest.user (id, first_name, last_name, middle_name, data_of_birth, created_at, update_at) VALUES (3, 'Михаил', 'Татарков', 'Васильевич', '2000-07-09', '2013-12-30 18:37:03', '2013-12-30 18:37:03');
INSERT INTO robotest.user (id, first_name, last_name, middle_name, data_of_birth, created_at, update_at) VALUES (4, 'Юлия', 'Корнилова', 'Сергеевна', '1990-04-30', '2013-12-30 19:22:02', '2013-12-30 19:22:02');
INSERT INTO robotest.user (id, first_name, last_name, middle_name, data_of_birth, created_at, update_at) VALUES (5, 'Андрей', 'Киселев', 'Юрьевич', '1984-01-24', '2013-12-30 19:33:57', '2013-12-30 19:33:57');
INSERT INTO robotest.user (id, first_name, last_name, middle_name, data_of_birth, created_at, update_at) VALUES (6, 'Матвей', 'Бесков', 'Никитович', '1976-07-20', '2020-05-12 18:37:02', '2020-05-12 18:37:02');
INSERT INTO robotest.user (id, first_name, last_name, middle_name, data_of_birth, created_at, update_at) VALUES (7, 'Екатерина', 'Бурлаку', 'Олеговна', '2000-04-16', '2020-05-12 18:37:34', '2020-05-12 18:37:34');
INSERT INTO robotest.user (id, first_name, last_name, middle_name, data_of_birth, created_at, update_at) VALUES (8, 'Сергей', 'Тищенко', 'Сергеевич', '1999-08-30', '2020-05-12 18:37:38', '2020-05-12 18:37:38');
INSERT INTO robotest.user (id, first_name, last_name, middle_name, data_of_birth, created_at, update_at) VALUES (9, 'Анна', 'Седлецкая', 'Игоревна', '2001-06-25', '2020-05-12 18:37:44', '2020-05-12 18:37:44');
INSERT INTO robotest.user (id, first_name, last_name, middle_name, data_of_birth, created_at, update_at) VALUES (10, 'Виталий', 'Андреев', 'Игорьевич', '1990-11-17', '2020-05-12 18:37:44', '2020-05-12 18:37:44');
INSERT INTO robotest.user (id, first_name, last_name, middle_name, data_of_birth, created_at, update_at) VALUES (11, 'Ксения', 'Шакирова', 'Альбертовна', '2000-09-27', '2020-05-12 18:37:46', '2020-05-12 18:37:46');
INSERT INTO robotest.user (id, first_name, last_name, middle_name, data_of_birth, created_at, update_at) VALUES (12, 'Геннадий', 'Кольчурин', 'Викторович', '1996-05-12', '2020-05-12 18:39:10', '2020-05-12 18:39:10');
INSERT INTO robotest.user (id, first_name, last_name, middle_name, data_of_birth, created_at, update_at) VALUES (13, 'Нина', 'Богомол', 'Алексеевна', '2002-04-03', '2020-05-12 18:39:39', '2020-05-12 18:39:39');
INSERT INTO robotest.user (id, first_name, last_name, middle_name, data_of_birth, created_at, update_at) VALUES (14, 'Юлия', 'Старокожева', 'Сергеевна', '2000-10-26', '2020-05-12 18:39:54', '2020-05-12 18:39:54');
INSERT INTO robotest.user (id, first_name, last_name, middle_name, data_of_birth, created_at, update_at) VALUES (15, 'Ксения', 'Вишневская', 'Борисовна', '1981-08-16', '2020-05-12 18:40:01', '2020-05-12 18:40:01');
INSERT INTO robotest.user (id, first_name, last_name, middle_name, data_of_birth, created_at, update_at) VALUES (16, 'Степан', 'Абраменко', 'Иванович', '1971-08-30', '2020-05-12 18:40:25', '2020-05-12 18:40:25');
INSERT INTO robotest.user (id, first_name, last_name, middle_name, data_of_birth, created_at, update_at) VALUES (17, 'Нина', 'Серова', 'Олесьевна', '2001-01-19', '2020-05-12 18:40:26', '2020-05-12 18:40:26');
INSERT INTO robotest.user (id, first_name, last_name, middle_name, data_of_birth, created_at, update_at) VALUES (18, 'Алина', 'Паристова', 'Алексеевна', '1957-11-19', '2020-05-12 18:40:45', '2020-05-12 18:40:45');
INSERT INTO robotest.user (id, first_name, last_name, middle_name, data_of_birth, created_at, update_at) VALUES (19, 'Екатерина', 'Беднова', 'Владимировна', '1956-11-11', '2020-05-12 18:40:45', '2020-05-12 18:40:45');
INSERT INTO robotest.user (id, first_name, last_name, middle_name, data_of_birth, created_at, update_at) VALUES (20, 'Магомет', 'Амиров', 'Ахмедович', '1992-06-27', '2020-05-12 18:40:57', '2020-05-12 18:40:57');
INSERT INTO robotest.user (id, first_name, last_name, middle_name, data_of_birth, created_at, update_at) VALUES (21, 'Зульфугар', 'Бабаев', 'Новрузали', '1953-02-06', '2020-05-12 18:41:20', '2020-05-12 18:41:20');
INSERT INTO robotest.user (id, first_name, last_name, middle_name, data_of_birth, created_at, update_at) VALUES (22, 'Павел', 'Гурьянов', 'Германович', '1955-08-02', '2020-05-12 18:41:30', '2020-05-12 18:41:30');
INSERT INTO robotest.user (id, first_name, last_name, middle_name, data_of_birth, created_at, update_at) VALUES (23, 'Валентин', 'Богатов', 'Александрович', '1998-05-01', '2020-05-12 18:41:59', '2020-05-12 18:41:59');
INSERT INTO robotest.user (id, first_name, last_name, middle_name, data_of_birth, created_at, update_at) VALUES (24, 'Виктория', 'Абызова', 'Юрьевна', '2000-08-01', '2020-05-12 18:42:07', '2020-05-12 18:42:07');
INSERT INTO robotest.user (id, first_name, last_name, middle_name, data_of_birth, created_at, update_at) VALUES (25, 'Дахир', 'Хатуев', 'Мамедович', '1990-08-21', '2020-05-12 18:42:13', '2020-05-12 18:42:13');
INSERT INTO robotest.user (id, first_name, last_name, middle_name, data_of_birth, created_at, update_at) VALUES (26, 'Максим', 'Королев', 'Александрович', '2001-02-18', '2021-04-12 18:42:21', '2021-04-12 18:42:21');
INSERT INTO robotest.user (id, first_name, last_name, middle_name, data_of_birth, created_at, update_at) VALUES (27, 'Валерия', 'Валиева', 'Романовна', '1993-01-02', '2021-04-10 18:42:21', '2021-04-10 18:42:21');
INSERT INTO robotest.user (id, first_name, last_name, middle_name, data_of_birth, created_at, update_at) VALUES (28, 'Игорь', 'Бердников', 'Андреевич', '1977-10-25', '2021-04-08 18:42:21', '2021-04-08 18:42:21');
INSERT INTO robotest.user (id, first_name, last_name, middle_name, data_of_birth, created_at, update_at) VALUES (29, 'Алексей', 'Симонов', 'Викторович', '1999-02-09', '2021-04-12 18:42:21', '2021-04-12 18:42:21');
INSERT INTO robotest.user (id, first_name, last_name, middle_name, data_of_birth, created_at, update_at) VALUES (30, 'Руслан', 'Косолапов', 'Сергеевич', '1993-02-01', '2020-05-12 18:43:47', '2020-05-12 18:43:47');
INSERT INTO robotest.user (id, first_name, last_name, middle_name, data_of_birth, created_at, update_at) VALUES (31, 'Иван', 'Ревякин', 'Юрьевич', '2002-03-31', '2020-05-12 18:44:10', '2020-05-12 18:44:10');
INSERT INTO robotest.user (id, first_name, last_name, middle_name, data_of_birth, created_at, update_at) VALUES (32, 'Виктор', 'Телегин', 'Николаевич', '1992-07-02', '2020-05-12 18:44:25', '2020-05-12 18:44:25');
INSERT INTO robotest.user (id, first_name, last_name, middle_name, data_of_birth, created_at, update_at) VALUES (33, 'Александр', 'Войнов', 'Владимирович', '1992-04-02', '2020-05-12 18:44:51', '2020-05-12 18:44:51');
INSERT INTO robotest.user (id, first_name, last_name, middle_name, data_of_birth, created_at, update_at) VALUES (34, 'Ефим', 'Попов', 'Николаевич', '2000-03-15', '2020-05-12 18:45:17', '2020-05-12 18:45:17');
INSERT INTO robotest.user (id, first_name, last_name, middle_name, data_of_birth, created_at, update_at) VALUES (35, 'Екатерина', 'Смирнова', 'Сергеевна', '1979-10-12', '2020-05-12 18:45:17', '2020-05-12 18:45:17');
INSERT INTO robotest.user (id, first_name, last_name, middle_name, data_of_birth, created_at, update_at) VALUES (36, 'Надежда', 'Трухнева', 'Геннадиевна', '1986-05-04', '2020-05-12 18:45:32', '2020-05-12 18:45:32');
INSERT INTO robotest.user (id, first_name, last_name, middle_name, data_of_birth, created_at, update_at) VALUES (37, 'Роман', 'Иванов', 'Владимирович', '1978-06-16', '2020-05-12 18:46:19', '2020-05-12 18:46:19');
INSERT INTO robotest.user (id, first_name, last_name, middle_name, data_of_birth, created_at, update_at) VALUES (38, 'Евгений', 'Чучалин', 'Викторович', '2002-05-04', '2020-05-12 18:46:42', '2020-05-12 18:46:42');
INSERT INTO robotest.user (id, first_name, last_name, middle_name, data_of_birth, created_at, update_at) VALUES (39, 'Александр', 'Камский', 'Сергеевич', '1977-12-15', '2020-05-12 18:47:06', '2020-05-12 18:47:06');
INSERT INTO robotest.user (id, first_name, last_name, middle_name, data_of_birth, created_at, update_at) VALUES (40, 'Каиржан', 'Душанов', 'Хасанович', '1997-07-04', '2020-05-12 18:47:52', '2020-05-12 18:47:52');
INSERT INTO robotest.user (id, first_name, last_name, middle_name, data_of_birth, created_at, update_at) VALUES (41, 'Соня', 'Маркосян', 'Ервандовна', '1980-04-04', '2020-05-12 18:48:03', '2020-05-12 18:48:03');
INSERT INTO robotest.user (id, first_name, last_name, middle_name, data_of_birth, created_at, update_at) VALUES (42, 'Миляуша', 'Гильфанова', 'Эдуардовна', '1984-04-26', '2020-05-12 18:48:38', '2020-05-12 18:48:38');
INSERT INTO robotest.user (id, first_name, last_name, middle_name, data_of_birth, created_at, update_at) VALUES (43, 'Михаил', 'Чернявский', 'Сергеевич', '1967-03-06', '2020-05-12 18:48:40', '2020-05-12 18:48:40');
INSERT INTO robotest.user (id, first_name, last_name, middle_name, data_of_birth, created_at, update_at) VALUES (44, 'Валерий', 'Романов', 'Александрович', '1958-05-03', '2020-05-12 18:48:53', '2020-05-12 18:48:53');
INSERT INTO robotest.user (id, first_name, last_name, middle_name, data_of_birth, created_at, update_at) VALUES (45, 'Алиса', 'Забитова', 'Руслановна', '1996-04-24', '2020-05-12 18:48:55', '2020-05-12 18:48:55');
INSERT INTO robotest.user (id, first_name, last_name, middle_name, data_of_birth, created_at, update_at) VALUES (46, 'Роман', 'Ягодников', 'Олегович', '2002-02-03', '2020-05-12 18:49:14', '2020-05-12 18:49:14');
INSERT INTO robotest.user (id, first_name, last_name, middle_name, data_of_birth, created_at, update_at) VALUES (47, 'Алексей', 'Городских', 'Андреевич', '1987-02-09', '2020-05-12 18:49:38', '2020-05-12 18:49:38');
INSERT INTO robotest.user (id, first_name, last_name, middle_name, data_of_birth, created_at, update_at) VALUES (48, 'Александр', 'Федонов', 'Александрович', '1972-02-08', '2020-05-12 18:49:38', '2020-05-12 18:49:38');
INSERT INTO robotest.user (id, first_name, last_name, middle_name, data_of_birth, created_at, update_at) VALUES (49, 'Юлия', 'Кривова', 'Сергеевна', '1998-01-01', '2020-05-12 18:50:45', '2020-05-12 18:50:45');
INSERT INTO robotest.user (id, first_name, last_name, middle_name, data_of_birth, created_at, update_at) VALUES (50, 'Андрей', 'Панчин', 'Дезидерович', '1975-11-04', '2020-05-12 18:50:58', '2020-05-12 18:50:58');
INSERT INTO robotest.user (id, first_name, last_name, middle_name, data_of_birth, created_at, update_at) VALUES (51, 'Адам', 'Эстамулов', 'Салавдинович', '1977-03-09', '2020-05-12 18:51:06', '2020-05-12 18:51:06');
INSERT INTO robotest.user (id, first_name, last_name, middle_name, data_of_birth, created_at, update_at) VALUES (52, 'Георгий', 'Крылов', 'Александрович', '1977-08-31', '2020-05-12 18:51:17', '2020-05-12 18:51:17');
INSERT INTO robotest.user (id, first_name, last_name, middle_name, data_of_birth, created_at, update_at) VALUES (53, 'Мазахир', 'Гасанов', 'Латиф Оглы', '1996-07-14', '2020-05-12 18:51:35', '2020-05-12 18:51:35');
INSERT INTO robotest.user (id, first_name, last_name, middle_name, data_of_birth, created_at, update_at) VALUES (54, 'Александр', 'Негодин', 'Юрьевич', '1998-05-15', '2020-05-12 18:51:45', '2020-05-12 18:51:45');
INSERT INTO robotest.user (id, first_name, last_name, middle_name, data_of_birth, created_at, update_at) VALUES (55, 'Руслан', 'Якимов', 'Артемович', '1996-04-13', '2020-05-12 18:51:49', '2020-05-12 18:51:49');
INSERT INTO robotest.user (id, first_name, last_name, middle_name, data_of_birth, created_at, update_at) VALUES (56, 'Кристина', 'Якубец', 'Александровна', '2002-05-02', '2020-05-12 18:52:54', '2020-05-12 18:52:54');
INSERT INTO robotest.user (id, first_name, last_name, middle_name, data_of_birth, created_at, update_at) VALUES (57, 'Марина', 'Фокеева', 'Ильдусовна', '2002-04-06', '2020-05-12 18:53:55', '2020-05-12 18:53:55');
INSERT INTO robotest.user (id, first_name, last_name, middle_name, data_of_birth, created_at, update_at) VALUES (58, 'Артур', 'Габоян', 'Самвелович', '1981-02-09', '2020-05-12 18:54:29', '2020-05-12 18:54:29');
INSERT INTO robotest.user (id, first_name, last_name, middle_name, data_of_birth, created_at, update_at) VALUES (59, 'Виктор', 'Элькинд', 'Леонидович', '1987-06-28', '2020-05-12 18:54:52', '2020-05-12 18:54:52');
INSERT INTO robotest.user (id, first_name, last_name, middle_name, data_of_birth, created_at, update_at) VALUES (60, 'Салимат', 'Бисилова', 'Сейтбиевна', '2000-01-05', '2020-05-12 18:55:28', '2020-05-12 18:55:28');
INSERT INTO robotest.user (id, first_name, last_name, middle_name, data_of_birth, created_at, update_at) VALUES (61, 'Андрей', 'Ермаков', 'Борисович', '1988-10-03', '2020-05-12 18:55:33', '2020-05-12 18:55:33');
INSERT INTO robotest.user (id, first_name, last_name, middle_name, data_of_birth, created_at, update_at) VALUES (62, 'Евгения', 'Кукина', 'Владимировна', '1987-08-05', '2020-05-12 18:55:42', '2020-05-12 18:55:42');
INSERT INTO robotest.user (id, first_name, last_name, middle_name, data_of_birth, created_at, update_at) VALUES (63, 'Наталья', 'Тюрина', 'Викторовна', '1983-02-03', '2020-05-12 18:55:50', '2020-05-12 18:55:50');
INSERT INTO robotest.user (id, first_name, last_name, middle_name, data_of_birth, created_at, update_at) VALUES (64, 'Никита', 'Бабалыков', 'Геннадьевич', '1993-10-12', '2020-05-12 18:55:57', '2020-05-12 18:55:57');
INSERT INTO robotest.user (id, first_name, last_name, middle_name, data_of_birth, created_at, update_at) VALUES (65, 'Салман', 'Балакишиев', 'Габибович', '1978-11-19', '2020-05-12 18:56:24', '2020-05-12 18:56:24');
INSERT INTO robotest.user (id, first_name, last_name, middle_name, data_of_birth, created_at, update_at) VALUES (66, 'Надежда', 'Никонова', 'Сергеевна', '1990-12-18', '2020-05-12 18:56:34', '2020-05-12 18:56:34');
INSERT INTO robotest.user (id, first_name, last_name, middle_name, data_of_birth, created_at, update_at) VALUES (67, 'Екатерина', 'Капаева', 'Александровна', '1975-09-05', '2020-05-12 18:56:48', '2020-05-12 18:56:48');
INSERT INTO robotest.user (id, first_name, last_name, middle_name, data_of_birth, created_at, update_at) VALUES (68, 'Александр', 'Слишаевас', 'Дейвис-Александрасович', '1995-08-29', '2020-05-12 18:56:48', '2020-05-12 18:56:48');
INSERT INTO robotest.user (id, first_name, last_name, middle_name, data_of_birth, created_at, update_at) VALUES (69, 'Ольга', 'Старикова', 'Владимировна', '1996-04-16', '2020-05-12 18:57:05', '2020-05-12 18:57:05');
INSERT INTO robotest.user (id, first_name, last_name, middle_name, data_of_birth, created_at, update_at) VALUES (70, 'Андрей', 'Казанкин', 'Владимирович', '1970-11-26', '2020-05-12 18:57:05', '2020-05-12 18:57:05');
INSERT INTO robotest.user (id, first_name, last_name, middle_name, data_of_birth, created_at, update_at) VALUES (71, 'Сергей', 'Прешпективных', 'Иванович', '1972-04-17', '2014-02-22 20:10:58', '2014-02-22 20:10:58');
INSERT INTO robotest.user (id, first_name, last_name, middle_name, data_of_birth, created_at, update_at) VALUES (72, 'Владислав', 'Цеповязов', 'Олегович', '2002-02-18', '2014-02-22 22:14:34', '2014-02-22 22:14:34');
INSERT INTO robotest.user (id, first_name, last_name, middle_name, data_of_birth, created_at, update_at) VALUES (73, 'Александр', 'Храмеев', 'Юрьевич', '1992-03-20', '2014-02-23 13:44:49', '2014-02-23 13:44:49');
INSERT INTO robotest.user (id, first_name, last_name, middle_name, data_of_birth, created_at, update_at) VALUES (74, 'Шамиль', 'Сафин', 'Ришадович', '1986-08-20', '2014-02-24 11:42:51', '2014-02-24 11:42:51');
INSERT INTO robotest.user (id, first_name, last_name, middle_name, data_of_birth, created_at, update_at) VALUES (75, 'Александр', 'Горшенин', 'Геннадьевич', '1979-09-05', '2014-02-24 12:04:19', '2014-02-24 12:04:19');
INSERT INTO robotest.user (id, first_name, last_name, middle_name, data_of_birth, created_at, update_at) VALUES (76, 'Максим', 'Скоромец', 'Игоревич', '1989-02-20', '2014-02-24 12:54:11', '2014-02-24 12:54:11');
INSERT INTO robotest.user (id, first_name, last_name, middle_name, data_of_birth, created_at, update_at) VALUES (77, 'Евгений', 'Масленников', 'Иванович', '1983-03-28', '2014-02-24 15:39:37', '2014-02-24 15:39:37');
INSERT INTO robotest.user (id, first_name, last_name, middle_name, data_of_birth, created_at, update_at) VALUES (78, 'Евгений', 'Баяндин', 'Леонидович', '1949-09-27', '2014-02-24 15:45:16', '2014-02-24 15:45:16');
INSERT INTO robotest.user (id, first_name, last_name, middle_name, data_of_birth, created_at, update_at) VALUES (79, 'Ирек', 'Мударисов', 'Флурович', '1992-04-14', '2014-02-24 17:17:31', '2014-02-24 17:17:31');
INSERT INTO robotest.user (id, first_name, last_name, middle_name, data_of_birth, created_at, update_at) VALUES (80, 'Екатерина', 'Пережогина', 'Ивановна', '1991-06-03', '2014-02-24 17:59:16', '2014-02-24 17:59:16');
INSERT INTO robotest.user (id, first_name, last_name, middle_name, data_of_birth, created_at, update_at) VALUES (81, 'Марк', 'Стукан', 'Игоревич', '1995-12-11', '2014-02-24 18:45:48', '2014-02-24 18:45:48');
INSERT INTO robotest.user (id, first_name, last_name, middle_name, data_of_birth, created_at, update_at) VALUES (82, 'Алевтина', 'Рябокрис', 'Алексеевна', '1977-08-05', '2014-02-25 09:25:05', '2014-02-25 09:25:05');
INSERT INTO robotest.user (id, first_name, last_name, middle_name, data_of_birth, created_at, update_at) VALUES (83, 'Сергей', 'Омельченко', 'Васильевич', '1972-05-02', '2014-02-25 09:57:07', '2014-02-25 09:57:07');
INSERT INTO robotest.user (id, first_name, last_name, middle_name, data_of_birth, created_at, update_at) VALUES (84, 'Ольга', 'Федотова', 'Анатольевна', '1996-05-20', '2014-02-25 10:07:47', '2014-02-25 10:07:47');
INSERT INTO robotest.user (id, first_name, last_name, middle_name, data_of_birth, created_at, update_at) VALUES (85, 'Элисо', 'Куталия', 'Корнеловна', '1980-03-19', '2014-02-25 10:20:07', '2014-02-25 10:20:07');
INSERT INTO robotest.user (id, first_name, last_name, middle_name, data_of_birth, created_at, update_at) VALUES (86, 'Григорий', 'Юренко', 'Николаевич', '2000-03-06', '2014-02-25 10:26:59', '2014-02-25 10:26:59');
INSERT INTO robotest.user (id, first_name, last_name, middle_name, data_of_birth, created_at, update_at) VALUES (87, 'Антон', 'Акиншин', 'Игоревич', '1990-04-05', '2014-02-25 10:48:21', '2014-02-25 10:48:21');
INSERT INTO robotest.user (id, first_name, last_name, middle_name, data_of_birth, created_at, update_at) VALUES (88, 'Жанна', 'Родионова', 'Витальевна', '1980-04-22', '2014-02-25 11:04:02', '2014-02-25 11:04:02');
INSERT INTO robotest.user (id, first_name, last_name, middle_name, data_of_birth, created_at, update_at) VALUES (89, 'Шамшод', 'Азизов', 'Кодирович', '1960-02-05', '2014-02-25 11:29:36', '2014-02-25 11:29:36');
INSERT INTO robotest.user (id, first_name, last_name, middle_name, data_of_birth, created_at, update_at) VALUES (90, 'Вячеслав', 'Конопленко', 'Александрович', '1990-08-27', '2014-02-25 11:54:11', '2014-02-25 11:54:11');
INSERT INTO robotest.user (id, first_name, last_name, middle_name, data_of_birth, created_at, update_at) VALUES (91, 'Нина', 'Сычёва', 'Евгеньевна', '1986-06-13', '2014-02-25 12:06:18', '2014-02-25 12:06:18');
INSERT INTO robotest.user (id, first_name, last_name, middle_name, data_of_birth, created_at, update_at) VALUES (92, 'Анастасия', 'Сканцева', 'Дмитриевна', '1978-02-13', '2014-02-25 12:12:20', '2014-02-25 12:12:20');
INSERT INTO robotest.user (id, first_name, last_name, middle_name, data_of_birth, created_at, update_at) VALUES (93, 'Сергей', 'Губин', 'Вячеславович', '1981-02-09', '2014-02-25 12:16:32', '2014-02-25 12:16:32');
INSERT INTO robotest.user (id, first_name, last_name, middle_name, data_of_birth, created_at, update_at) VALUES (94, 'Анна', 'Пименова', 'Валерьевна', '1962-04-25', '2014-02-25 12:30:35', '2014-02-25 12:30:35');
INSERT INTO robotest.user (id, first_name, last_name, middle_name, data_of_birth, created_at, update_at) VALUES (95, 'Даниил', 'Прасолов', 'Андреевич', '1966-03-27', '2014-02-25 12:39:31', '2014-02-25 12:39:31');
INSERT INTO robotest.user (id, first_name, last_name, middle_name, data_of_birth, created_at, update_at) VALUES (96, 'Раиль', 'Харрасов', 'Рамилевич', '1980-03-25', '2014-02-25 12:41:53', '2014-02-25 12:41:53');
INSERT INTO robotest.user (id, first_name, last_name, middle_name, data_of_birth, created_at, update_at) VALUES (97, 'Вадим', 'Телятников', 'Юрьевич', '1981-11-24', '2014-02-25 12:53:56', '2014-02-25 12:53:56');
INSERT INTO robotest.user (id, first_name, last_name, middle_name, data_of_birth, created_at, update_at) VALUES (98, 'Михаил', 'Марков', 'Олегович', '1988-10-01', '2014-02-25 13:12:40', '2014-02-25 13:12:40');
INSERT INTO robotest.user (id, first_name, last_name, middle_name, data_of_birth, created_at, update_at) VALUES (99, 'Владимир', 'Лукиянчиков', 'Сергеевич', '1950-09-20', '2014-02-25 13:29:54', '2014-02-25 13:29:54');
INSERT INTO robotest.user (id, first_name, last_name, middle_name, data_of_birth, created_at, update_at) VALUES (100, 'Александр', 'Неустроев', 'Васильевич', '1978-12-17', '2014-02-25 13:37:06', '2014-02-25 13:37:06');
INSERT INTO robotest.user (id, first_name, last_name, middle_name, data_of_birth, created_at, update_at) VALUES (502, 'Василий', 'Зайцев', 'Семенович', '1984-07-17', '2014-02-25 13:37:06', '2014-02-25 13:37:06');

INSERT INTO robotest.dismission_reason (id, name, description, created_at, updated_at) VALUES (1, 'absenteeism', 'Прогул', '2013-12-28 18:38:09', '2013-12-28 18:38:09');
INSERT INTO robotest.dismission_reason (id, name, description, created_at, updated_at) VALUES (2, 'drugs', 'Наркотическое опьянение', '2013-12-28 18:38:09', '2013-12-28 18:38:09');
INSERT INTO robotest.dismission_reason (id, name, description, created_at, updated_at) VALUES (3, 'alcohol', 'Алкогольное опьянение', '2013-12-28 18:38:09', '2013-12-28 18:38:09');
INSERT INTO robotest.dismission_reason (id, name, description, created_at, updated_at) VALUES (4, 'at_will', 'По собственному желанию', '2013-12-28 18:38:09', '2013-12-28 18:38:09');
INSERT INTO robotest.dismission_reason (id, name, description, created_at, updated_at) VALUES (5, 'death', 'Умер', '2013-12-28 18:38:09', '2013-12-28 18:38:09');
INSERT INTO robotest.dismission_reason (id, name, description, created_at, updated_at) VALUES (6, 'transfer', 'Перевод', '2013-12-28 18:38:09', '2013-12-28 18:38:09');

INSERT INTO robotest.position (id, name, description, salary, created_at, updated_at, is_active) VALUES (1, 'Директор', null, 400000, '2013-12-28 18:38:09', '2013-12-28 18:38:09', 1);
INSERT INTO robotest.position (id, name, description, salary, created_at, updated_at, is_active) VALUES (2, 'Начальник IT службы', null, 120000, '2013-12-28 18:38:09', '2013-12-28 18:38:09', 1);
INSERT INTO robotest.position (id, name, description, salary, created_at, updated_at, is_active) VALUES (3, 'Начальник HR службы', null, 90000, '2013-12-28 18:38:09', '2013-12-28 18:38:09', 1);
INSERT INTO robotest.position (id, name, description, salary, created_at, updated_at, is_active) VALUES (4, 'Начальник отдела продаж', null, 85000, '2013-12-28 18:38:09', '2013-12-28 18:38:09', 1);
INSERT INTO robotest.position (id, name, description, salary, created_at, updated_at, is_active) VALUES (5, 'Начальник отдела обслуживания', null, 55000, '2013-12-28 18:38:09', '2013-12-28 18:38:09', 1);
INSERT INTO robotest.position (id, name, description, salary, created_at, updated_at, is_active) VALUES (6, 'Начальник юр. отдела', null, 80000, '2013-12-28 18:38:09', '2013-12-28 18:38:09', 1);
INSERT INTO robotest.position (id, name, description, salary, created_at, updated_at, is_active) VALUES (7, 'Начальник охраны', null, 65000, '2013-12-28 18:38:09', '2013-12-28 18:38:09', 1);
INSERT INTO robotest.position (id, name, description, salary, created_at, updated_at, is_active) VALUES (8, 'Начальник отдела аналитики', null, 70000, '2013-12-28 18:38:09', '2013-12-28 18:38:09', 1);
INSERT INTO robotest.position (id, name, description, salary, created_at, updated_at, is_active) VALUES (9, 'Начальник отдела разработки', null, 190000, '2013-12-28 18:38:09', '2013-12-28 18:38:09', 1);
INSERT INTO robotest.position (id, name, description, salary, created_at, updated_at, is_active) VALUES (10, 'Senior разарботчик', null, 180000, '2013-12-28 18:38:09', '2013-12-28 18:38:09', 1);
INSERT INTO robotest.position (id, name, description, salary, created_at, updated_at, is_active) VALUES (11, 'Middle разработчик', null, 140000, '2013-12-28 18:38:09', '2013-12-28 18:38:09', 1);
INSERT INTO robotest.position (id, name, description, salary, created_at, updated_at, is_active) VALUES (12, 'Junior разработчик', null, 85000, '2013-12-28 18:38:09', '2013-12-28 18:38:09', 1);
INSERT INTO robotest.position (id, name, description, salary, created_at, updated_at, is_active) VALUES (13, 'Специалист IT службы', null, 50000, '2013-12-28 18:38:09', '2013-12-28 18:38:09', 1);
INSERT INTO robotest.position (id, name, description, salary, created_at, updated_at, is_active) VALUES (14, 'Специалист HR службы', null, 45000, '2013-12-28 18:38:09', '2013-12-28 18:38:09', 1);
INSERT INTO robotest.position (id, name, description, salary, created_at, updated_at, is_active) VALUES (15, 'Специалист отдела продаж', null, 55000, '2013-12-28 18:38:09', '2013-12-28 18:38:09', 1);
INSERT INTO robotest.position (id, name, description, salary, created_at, updated_at, is_active) VALUES (16, 'Специалист отдела аналитики', null, 60000, '2013-12-28 18:38:09', '2013-12-28 18:38:09', 1);
INSERT INTO robotest.position (id, name, description, salary, created_at, updated_at, is_active) VALUES (17, 'Юрист', null, 45000, '2013-12-28 18:38:09', '2013-12-28 18:38:09', 1);
INSERT INTO robotest.position (id, name, description, salary, created_at, updated_at, is_active) VALUES (18, 'Охранник', null, 30000, '2013-12-28 18:38:09', '2013-12-28 18:38:09', 1);
INSERT INTO robotest.position (id, name, description, salary, created_at, updated_at, is_active) VALUES (19, 'Уборщик', null, 27000, '2013-12-28 18:38:09', '2013-12-28 18:38:09', 1);
INSERT INTO robotest.position (id, name, description, salary, created_at, updated_at, is_active) VALUES (20, 'Электрик', null, 35000, '2013-12-28 18:38:09', '2013-12-28 18:38:09', 1);
INSERT INTO robotest.position (id, name, description, salary, created_at, updated_at, is_active) VALUES (21, 'Старший ПМ', null, 100000, '2013-12-28 18:38:09', '2013-12-28 18:38:09', 1);

INSERT INTO robotest.department (id, leader_id, name, description, created_ad, update_at) VALUES (3, 3, 'HR', 'HR служба', '2013-12-28 18:38:09', '2014-02-28 12:32:54');
INSERT INTO robotest.department (id, leader_id, name, description, created_ad, update_at) VALUES (4, 2, 'IT', 'IT служба', '2013-12-28 18:38:09', '2013-12-28 18:38:09');
INSERT INTO robotest.department (id, leader_id, name, description, created_ad, update_at) VALUES (5, 9, 'Development', 'Отдел разработки', '2013-12-28 18:38:09', '2014-03-09 23:04:45');
INSERT INTO robotest.department (id, leader_id, name, description, created_ad, update_at) VALUES (6, 21, 'Management', 'Менеджмент', '2013-12-28 18:38:09', '2019-03-12 18:20:10');
INSERT INTO robotest.department (id, leader_id, name, description, created_ad, update_at) VALUES (7, 6, 'Lawyers', 'Юристы', '2013-12-28 18:38:09', '2014-03-14 13:16:08');
INSERT INTO robotest.department (id, leader_id, name, description, created_ad, update_at) VALUES (8, 8, 'Analytics', 'Отдел аналитики', '2013-12-28 18:38:09', '2019-03-12 18:22:34');
INSERT INTO robotest.department (id, leader_id, name, description, created_ad, update_at) VALUES (9, 4, 'Sales', 'Отдел продаж', '2013-12-28 18:38:09', '2020-05-12 18:37:38');
INSERT INTO robotest.department (id, leader_id, name, description, created_ad, update_at) VALUES (10, 5, 'Service', 'Обслуживающий персонал', '2013-12-28 18:38:09', '2019-03-12 18:23:15');
INSERT INTO robotest.department (id, leader_id, name, description, created_ad, update_at) VALUES (11, 7, 'Security', 'Охрана', '2013-12-28 18:38:09', '2014-03-14 12:55:20');

INSERT INTO robotest.user_position (id, user_id, department_id, position_id, created_at, update_at) VALUES (3, 3, 3, 3, '2013-12-28 18:38:09', '2013-12-28 18:38:09');
INSERT INTO robotest.user_position (id, user_id, department_id, position_id, created_at, update_at) VALUES (4, 2, 4, 2, '2013-12-28 18:38:09', '2013-12-28 18:38:09');
INSERT INTO robotest.user_position (id, user_id, department_id, position_id, created_at, update_at) VALUES (5, 9, 5, 9, '2013-12-28 18:38:09', '2013-12-28 18:38:09');
INSERT INTO robotest.user_position (id, user_id, department_id, position_id, created_at, update_at) VALUES (6, 21, 6, 21, '2013-12-28 18:38:09', '2013-12-28 18:38:09');
INSERT INTO robotest.user_position (id, user_id, department_id, position_id, created_at, update_at) VALUES (7, 6, 7, 6, '2013-12-28 18:38:09', '2013-12-28 18:38:09');
INSERT INTO robotest.user_position (id, user_id, department_id, position_id, created_at, update_at) VALUES (8, 8, 8, 8, '2013-12-28 18:38:09', '2013-12-28 18:38:09');
INSERT INTO robotest.user_position (id, user_id, department_id, position_id, created_at, update_at) VALUES (9, 4, 9, 4, '2013-12-28 18:38:09', '2013-12-28 18:38:09');
INSERT INTO robotest.user_position (id, user_id, department_id, position_id, created_at, update_at) VALUES (10, 5, 10, 5, '2013-12-28 18:38:09', '2013-12-28 18:38:09');
INSERT INTO robotest.user_position (id, user_id, department_id, position_id, created_at, update_at) VALUES (11, 7, 11, 7, '2013-12-28 18:38:09', '2013-12-28 18:38:09');
INSERT INTO robotest.user_position (id, user_id, department_id, position_id, created_at, update_at) VALUES (12, 10, 3, 14, '2020-05-12 18:37:44', '2020-05-12 18:37:44');
INSERT INTO robotest.user_position (id, user_id, department_id, position_id, created_at, update_at) VALUES (13, 11, 3, 14, '2020-05-12 18:37:46', '2020-05-12 18:37:46');
INSERT INTO robotest.user_position (id, user_id, department_id, position_id, created_at, update_at) VALUES (14, 12, 5, 11, '2020-05-12 18:39:10', '2020-05-12 18:39:10');
INSERT INTO robotest.user_position (id, user_id, department_id, position_id, created_at, update_at) VALUES (15, 13, 5, 11, '2020-05-12 18:39:39', '2020-05-12 18:39:39');
INSERT INTO robotest.user_position (id, user_id, department_id, position_id, created_at, update_at) VALUES (16, 14, 9, 15, '2020-05-12 18:39:54', '2020-05-12 18:39:54');
INSERT INTO robotest.user_position (id, user_id, department_id, position_id, created_at, update_at) VALUES (17, 15, 9, 15, '2020-05-12 18:40:01', '2020-05-12 18:40:01');
INSERT INTO robotest.user_position (id, user_id, department_id, position_id, created_at, update_at) VALUES (18, 16, 9, 15, '2020-05-12 18:40:25', '2020-05-12 18:40:25');
INSERT INTO robotest.user_position (id, user_id, department_id, position_id, created_at, update_at) VALUES (19, 17, 9, 15, '2020-05-12 18:40:26', '2020-05-12 18:40:26');
INSERT INTO robotest.user_position (id, user_id, department_id, position_id, created_at, update_at) VALUES (20, 18, 5, 11, '2020-05-12 18:40:45', '2020-05-12 18:40:45');
INSERT INTO robotest.user_position (id, user_id, department_id, position_id, created_at, update_at) VALUES (21, 19, 5, 11, '2020-05-12 18:40:45', '2020-05-12 18:40:45');
INSERT INTO robotest.user_position (id, user_id, department_id, position_id, created_at, update_at) VALUES (22, 20, 5, 10, '2020-05-12 18:40:57', '2020-05-12 18:40:57');
INSERT INTO robotest.user_position (id, user_id, department_id, position_id, created_at, update_at) VALUES (23, 22, 5, 10, '2020-05-12 18:41:30', '2020-05-12 18:41:30');
INSERT INTO robotest.user_position (id, user_id, department_id, position_id, created_at, update_at) VALUES (24, 23, 5, 10, '2020-05-12 18:41:59', '2020-05-12 18:41:59');
INSERT INTO robotest.user_position (id, user_id, department_id, position_id, created_at, update_at) VALUES (25, 24, 5, 10, '2020-05-12 18:42:07', '2020-05-12 18:42:07');
INSERT INTO robotest.user_position (id, user_id, department_id, position_id, created_at, update_at) VALUES (26, 25, 5, 10, '2020-05-12 18:42:13', '2020-05-12 18:42:13');
INSERT INTO robotest.user_position (id, user_id, department_id, position_id, created_at, update_at) VALUES (27, 26, 5, 10, '2021-04-12 18:42:21', '2021-04-12 18:42:21');
INSERT INTO robotest.user_position (id, user_id, department_id, position_id, created_at, update_at) VALUES (28, 27, 5, 10, '2021-04-10 18:42:21', '2021-04-10 18:42:21');
INSERT INTO robotest.user_position (id, user_id, department_id, position_id, created_at, update_at) VALUES (29, 28, 5, 10, '2021-04-08 18:42:21', '2021-04-08 18:42:21');
INSERT INTO robotest.user_position (id, user_id, department_id, position_id, created_at, update_at) VALUES (30, 29, 5, 10, '2021-07-12 18:42:21', '2021-04-12 18:42:21');
INSERT INTO robotest.user_position (id, user_id, department_id, position_id, created_at, update_at) VALUES (31, 30, 5, 11, '2020-05-12 18:43:47', '2020-05-12 18:43:47');
INSERT INTO robotest.user_position (id, user_id, department_id, position_id, created_at, update_at) VALUES (32, 31, 5, 11, '2020-05-12 18:44:10', '2020-05-12 18:44:10');
INSERT INTO robotest.user_position (id, user_id, department_id, position_id, created_at, update_at) VALUES (33, 32, 5, 11, '2020-05-12 18:44:25', '2020-05-12 18:44:25');
INSERT INTO robotest.user_position (id, user_id, department_id, position_id, created_at, update_at) VALUES (34, 33, 8, 16, '2020-05-12 18:44:51', '2020-05-12 18:44:51');
INSERT INTO robotest.user_position (id, user_id, department_id, position_id, created_at, update_at) VALUES (35, 34, 8, 16, '2020-05-12 18:45:17', '2020-05-12 18:45:17');
INSERT INTO robotest.user_position (id, user_id, department_id, position_id, created_at, update_at) VALUES (36, 35, 8, 16, '2020-05-12 18:45:17', '2020-05-12 18:45:17');
INSERT INTO robotest.user_position (id, user_id, department_id, position_id, created_at, update_at) VALUES (37, 36, 5, 11, '2020-05-12 18:45:32', '2020-05-12 18:45:32');
INSERT INTO robotest.user_position (id, user_id, department_id, position_id, created_at, update_at) VALUES (38, 37, 5, 11, '2020-05-12 18:46:19', '2020-05-12 18:46:19');
INSERT INTO robotest.user_position (id, user_id, department_id, position_id, created_at, update_at) VALUES (39, 38, 5, 12, '2020-05-12 18:46:42', '2020-05-12 18:46:42');
INSERT INTO robotest.user_position (id, user_id, department_id, position_id, created_at, update_at) VALUES (40, 39, 5, 12, '2020-05-12 18:47:06', '2020-05-12 18:47:06');
INSERT INTO robotest.user_position (id, user_id, department_id, position_id, created_at, update_at) VALUES (41, 40, 5, 12, '2020-05-12 18:47:52', '2020-05-12 18:47:52');
INSERT INTO robotest.user_position (id, user_id, department_id, position_id, created_at, update_at) VALUES (42, 41, 5, 12, '2020-05-12 18:48:03', '2020-05-12 18:48:03');
INSERT INTO robotest.user_position (id, user_id, department_id, position_id, created_at, update_at) VALUES (43, 42, 5, 12, '2020-05-12 18:48:38', '2020-05-12 18:48:38');
INSERT INTO robotest.user_position (id, user_id, department_id, position_id, created_at, update_at) VALUES (44, 43, 5, 12, '2020-05-12 18:48:40', '2020-05-12 18:48:40');
INSERT INTO robotest.user_position (id, user_id, department_id, position_id, created_at, update_at) VALUES (45, 44, 5, 11, '2020-05-12 18:48:53', '2020-05-12 18:48:53');
INSERT INTO robotest.user_position (id, user_id, department_id, position_id, created_at, update_at) VALUES (46, 45, 4, 13, '2020-05-12 18:48:55', '2020-05-12 18:48:55');
INSERT INTO robotest.user_position (id, user_id, department_id, position_id, created_at, update_at) VALUES (47, 46, 4, 13, '2020-05-12 18:49:14', '2020-05-12 18:49:14');
INSERT INTO robotest.user_position (id, user_id, department_id, position_id, created_at, update_at) VALUES (48, 47, 4, 13, '2020-05-12 18:49:38', '2020-05-12 18:49:38');
INSERT INTO robotest.user_position (id, user_id, department_id, position_id, created_at, update_at) VALUES (49, 48, 4, 13, '2020-05-12 18:49:38', '2020-05-12 18:49:38');
INSERT INTO robotest.user_position (id, user_id, department_id, position_id, created_at, update_at) VALUES (50, 49, 4, 13, '2020-05-12 18:50:45', '2020-05-12 18:50:45');
INSERT INTO robotest.user_position (id, user_id, department_id, position_id, created_at, update_at) VALUES (51, 50, 5, 11, '2020-05-12 18:50:58', '2020-05-12 18:50:58');
INSERT INTO robotest.user_position (id, user_id, department_id, position_id, created_at, update_at) VALUES (52, 51, 5, 11, '2020-05-12 18:51:06', '2020-05-12 18:51:06');
INSERT INTO robotest.user_position (id, user_id, department_id, position_id, created_at, update_at) VALUES (53, 52, 5, 11, '2020-05-12 18:51:17', '2020-05-12 18:51:17');
INSERT INTO robotest.user_position (id, user_id, department_id, position_id, created_at, update_at) VALUES (54, 53, 10, 20, '2020-05-12 18:51:35', '2020-05-12 18:51:35');
INSERT INTO robotest.user_position (id, user_id, department_id, position_id, created_at, update_at) VALUES (55, 54, 10, 20, '2020-05-12 18:51:45', '2020-05-12 18:51:45');
INSERT INTO robotest.user_position (id, user_id, department_id, position_id, created_at, update_at) VALUES (56, 55, 5, 11, '2020-05-12 18:51:49', '2020-05-12 18:51:49');
INSERT INTO robotest.user_position (id, user_id, department_id, position_id, created_at, update_at) VALUES (57, 56, 5, 11, '2020-05-12 18:52:54', '2020-05-12 18:52:54');
INSERT INTO robotest.user_position (id, user_id, department_id, position_id, created_at, update_at) VALUES (58, 57, 7, 17, '2020-05-12 18:53:55', '2020-05-12 18:53:55');
INSERT INTO robotest.user_position (id, user_id, department_id, position_id, created_at, update_at) VALUES (59, 58, 7, 17, '2020-05-12 18:54:29', '2020-05-12 18:54:29');
INSERT INTO robotest.user_position (id, user_id, department_id, position_id, created_at, update_at) VALUES (60, 59, 5, 11, '2020-05-12 18:54:52', '2020-05-12 18:54:52');
INSERT INTO robotest.user_position (id, user_id, department_id, position_id, created_at, update_at) VALUES (61, 60, 5, 11, '2020-05-12 18:55:28', '2020-05-12 18:55:28');
INSERT INTO robotest.user_position (id, user_id, department_id, position_id, created_at, update_at) VALUES (62, 61, 5, 11, '2020-05-12 18:55:33', '2020-05-12 18:55:33');
INSERT INTO robotest.user_position (id, user_id, department_id, position_id, created_at, update_at) VALUES (63, 62, 5, 11, '2020-05-12 18:55:42', '2020-05-12 18:55:42');
INSERT INTO robotest.user_position (id, user_id, department_id, position_id, created_at, update_at) VALUES (64, 63, 10, 19, '2020-05-12 18:55:50', '2020-05-12 18:55:50');
INSERT INTO robotest.user_position (id, user_id, department_id, position_id, created_at, update_at) VALUES (65, 64, 10, 19, '2020-05-12 18:55:57', '2020-05-12 18:55:57');
INSERT INTO robotest.user_position (id, user_id, department_id, position_id, created_at, update_at) VALUES (66, 65, 10, 19, '2020-05-12 18:56:24', '2020-05-12 18:56:24');
INSERT INTO robotest.user_position (id, user_id, department_id, position_id, created_at, update_at) VALUES (67, 66, 10, 19, '2020-05-12 18:56:34', '2020-05-12 18:56:34');
INSERT INTO robotest.user_position (id, user_id, department_id, position_id, created_at, update_at) VALUES (68, 67, 10, 19, '2020-05-12 18:56:48', '2020-05-12 18:56:48');
INSERT INTO robotest.user_position (id, user_id, department_id, position_id, created_at, update_at) VALUES (69, 68, 5, 11, '2020-05-12 18:56:48', '2020-05-12 18:56:48');
INSERT INTO robotest.user_position (id, user_id, department_id, position_id, created_at, update_at) VALUES (70, 69, 5, 11, '2020-05-12 18:57:05', '2020-05-12 18:57:05');
INSERT INTO robotest.user_position (id, user_id, department_id, position_id, created_at, update_at) VALUES (71, 70, 5, 11, '2020-05-12 18:57:05', '2020-05-12 18:57:05');
INSERT INTO robotest.user_position (id, user_id, department_id, position_id, created_at, update_at) VALUES (72, 71, 5, 11, '2014-02-22 20:10:58', '2014-02-22 20:10:58');
INSERT INTO robotest.user_position (id, user_id, department_id, position_id, created_at, update_at) VALUES (73, 72, 5, 11, '2014-02-22 22:14:34', '2014-02-22 22:14:34');
INSERT INTO robotest.user_position (id, user_id, department_id, position_id, created_at, update_at) VALUES (74, 73, 5, 11, '2014-02-23 13:44:49', '2014-02-23 13:44:49');
INSERT INTO robotest.user_position (id, user_id, department_id, position_id, created_at, update_at) VALUES (75, 74, 11, 18, '2014-02-24 11:42:51', '2014-02-24 11:42:51');
INSERT INTO robotest.user_position (id, user_id, department_id, position_id, created_at, update_at) VALUES (76, 75, 11, 18, '2014-02-24 12:04:19', '2014-02-24 12:04:19');
INSERT INTO robotest.user_position (id, user_id, department_id, position_id, created_at, update_at) VALUES (77, 76, 11, 18, '2014-02-24 12:54:11', '2014-02-24 12:54:11');
INSERT INTO robotest.user_position (id, user_id, department_id, position_id, created_at, update_at) VALUES (78, 77, 11, 18, '2014-02-24 15:39:37', '2014-02-24 15:39:37');
INSERT INTO robotest.user_position (id, user_id, department_id, position_id, created_at, update_at) VALUES (79, 78, 11, 18, '2014-02-24 15:45:16', '2014-02-24 15:45:16');
INSERT INTO robotest.user_position (id, user_id, department_id, position_id, created_at, update_at) VALUES (80, 79, 11, 18, '2014-02-24 17:17:31', '2014-02-24 17:17:31');
INSERT INTO robotest.user_position (id, user_id, department_id, position_id, created_at, update_at) VALUES (81, 80, 11, 18, '2014-02-24 17:59:16', '2014-02-24 17:59:16');
INSERT INTO robotest.user_position (id, user_id, department_id, position_id, created_at, update_at) VALUES (82, 81, 11, 18, '2014-02-24 18:45:48', '2014-02-24 18:45:48');
INSERT INTO robotest.user_position (id, user_id, department_id, position_id, created_at, update_at) VALUES (83, 82, 11, 18, '2014-02-25 09:25:05', '2014-02-25 09:25:05');
INSERT INTO robotest.user_position (id, user_id, department_id, position_id, created_at, update_at) VALUES (84, 83, 11, 18, '2014-02-25 09:57:07', '2014-02-25 09:57:07');
INSERT INTO robotest.user_position (id, user_id, department_id, position_id, created_at, update_at) VALUES (85, 84, 11, 18, '2014-02-25 10:07:47', '2014-02-25 10:07:47');
INSERT INTO robotest.user_position (id, user_id, department_id, position_id, created_at, update_at) VALUES (86, 85, 11, 18, '2014-02-25 10:20:07', '2014-02-25 10:20:07');
INSERT INTO robotest.user_position (id, user_id, department_id, position_id, created_at, update_at) VALUES (87, 86, 5, 11, '2014-02-25 10:26:59', '2014-02-25 10:26:59');
INSERT INTO robotest.user_position (id, user_id, department_id, position_id, created_at, update_at) VALUES (88, 87, 5, 11, '2014-02-25 10:48:21', '2014-02-25 10:48:21');
INSERT INTO robotest.user_position (id, user_id, department_id, position_id, created_at, update_at) VALUES (89, 88, 5, 11, '2014-02-25 11:04:02', '2014-02-25 11:04:02');
INSERT INTO robotest.user_position (id, user_id, department_id, position_id, created_at, update_at) VALUES (90, 89, 5, 11, '2014-02-25 11:29:36', '2014-02-25 11:29:36');
INSERT INTO robotest.user_position (id, user_id, department_id, position_id, created_at, update_at) VALUES (91, 90, 5, 11, '2014-02-25 11:54:11', '2014-02-25 11:54:11');
INSERT INTO robotest.user_position (id, user_id, department_id, position_id, created_at, update_at) VALUES (92, 91, 5, 11, '2014-02-25 12:06:18', '2014-02-25 12:06:18');
INSERT INTO robotest.user_position (id, user_id, department_id, position_id, created_at, update_at) VALUES (93, 92, 5, 11, '2014-02-25 12:12:20', '2014-02-25 12:12:20');
INSERT INTO robotest.user_position (id, user_id, department_id, position_id, created_at, update_at) VALUES (94, 93, 5, 11, '2014-02-25 12:16:32', '2014-02-25 12:16:32');
INSERT INTO robotest.user_position (id, user_id, department_id, position_id, created_at, update_at) VALUES (95, 94, 5, 11, '2014-02-25 12:30:35', '2014-02-25 12:30:35');
INSERT INTO robotest.user_position (id, user_id, department_id, position_id, created_at, update_at) VALUES (96, 95, 5, 11, '2014-02-25 12:39:31', '2014-02-25 12:39:31');
INSERT INTO robotest.user_position (id, user_id, department_id, position_id, created_at, update_at) VALUES (97, 96, 5, 11, '2014-02-25 12:41:53', '2014-02-25 12:41:53');
INSERT INTO robotest.user_position (id, user_id, department_id, position_id, created_at, update_at) VALUES (98, 97, 5, 11, '2014-02-25 12:53:56', '2014-02-25 12:53:56');
INSERT INTO robotest.user_position (id, user_id, department_id, position_id, created_at, update_at) VALUES (99, 98, 5, 11, '2014-02-25 13:12:40', '2014-02-25 13:12:40');
INSERT INTO robotest.user_position (id, user_id, department_id, position_id, created_at, update_at) VALUES (100, 99, 5, 11, '2014-02-25 13:29:54', '2014-02-25 13:29:54');
INSERT INTO robotest.user_position (id, user_id, department_id, position_id, created_at, update_at) VALUES (101, 100, 5, 11, '2014-02-25 13:37:06', '2014-02-25 13:37:06');
INSERT INTO robotest.user_position (id, user_id, department_id, position_id, created_at, update_at) VALUES (102, 502, 5, 11, '2014-02-25 13:37:06', '2014-02-25 13:37:06');

INSERT INTO robotest.user_dismission (id, user_id, reason_id, is_active, created_at, update_at) VALUES (1, 502, 6, 0, '2016-02-25 13:37:06', '2016-02-25 13:37:06');
INSERT INTO robotest.user_dismission (id, user_id, reason_id, is_active, created_at, update_at) VALUES (2, 93, 6, 0, '2017-02-25 13:37:06', '2017-02-25 13:37:06');
INSERT INTO robotest.user_dismission (id, user_id, reason_id, is_active, created_at, update_at) VALUES (3, 94, 6, 1, '2016-03-22 13:37:06', '2020-03-22 13:37:06');
INSERT INTO robotest.user_dismission (id, user_id, reason_id, is_active, created_at, update_at) VALUES (4, 95, 6, 1, '2016-05-23 13:37:06', '2020-01-22 13:37:06');
INSERT INTO robotest.user_dismission (id, user_id, reason_id, is_active, created_at, update_at) VALUES (5, 96, 3, 0, '2019-06-16 13:37:06', '2019-06-16 13:37:06');
INSERT INTO robotest.user_dismission (id, user_id, reason_id, is_active, created_at, update_at) VALUES (6, 97, 3, 0, '2019-06-16 13:37:06', '2019-06-16 13:37:06');
INSERT INTO robotest.user_dismission (id, user_id, reason_id, is_active, created_at, update_at) VALUES (7, 98, 3, 0, '2019-06-16 13:37:06', '2019-06-16 13:37:06');
INSERT INTO robotest.user_dismission (id, user_id, reason_id, is_active, created_at, update_at) VALUES (8, 99, 1, 0, '2017-02-16 13:37:06', '2017-02-16 13:37:06');


